{"accuracy": 0.7142857142857143, "precision": 0.8214285714285714, "recall": 0.7142857142857143, "f1": 0.6936813186813188}