{"accuracy": 0.7916666666666666, "precision": 0.811111111111111, "recall": 0.7916666666666666, "f1": 0.7883597883597883}